"Company Name","Primary Phone","Email","Website","Primary Representative","Physical Address 1","Physical Address 2","Physical City","Physical State","Physical Zip","Mailing Address 1","Mailing Address 2","Mailing City","Mailing State","Mailing Zip","Membership Status","Join Date","Membership Type","Renewal Month","Billing Contact","Annual Fees and Dues Amount"
"A La Carte Grill, Inc.","(847) 814-5960","alacarte.catering@sbcglobal.net","http://www.alacarteinc.com","Christine DiClementi-Harlow","2120 Lincoln Ave.","","Evanston","IL","60201","2120 Lincoln Ave.","","Evanston","IL","60201","Active","5/9/2023","Basic","January","Christine DiClementi-Harlow","300.00"
"Chalet","847 256-0561","michik@chaletnursery.com","http://www.chaletnursery.com","Michi Kustra","3132 Lake Ave.","","Wilmette","IL","60091","3132 Lake Ave.","","Wilmette","IL","60091","Active","1/1/1900","Platinum","January","Michi Kustra","1,500.00"
"Chantilly Lace Lingerie, Inc.","847 256-8077","larisa@c-lace.com","http://www.c-lace.com","Larissa Olson","1177 Wilmette Ave","","Wilmette","IL","60091","1177 Wilmette Ave","","Wilmette","IL","60091","Active","1/1/1900","Basic","January","Larisa Olson","300.00"
"Christensen Animal Hospital","847 251-2600","mlockhart@pawdr.com","http://www.pawdr.com","Linn Lockhart","730 Hibbard Rd.","","Wilmette","IL","60091","730 Hibbard Rd.","","Wilmette","IL","60091","Active","1/1/1900","Platinum","January","Linn Lockhart","1,500.00"
"Convito Cafe & Market","(847) 251-3654","convitocafe@gmail.com","http://www.convitocafeandmarket.com","Candace  Warner","1515 Sheridan Rd. Suite 5","","Wilmette","IL","60091","1515 Sheridan Rd. Suite 5","","Wilmette","IL","60091","Active","9/22/2008","Silver","January","Candace Warner","500.00"
"Daniel's Auto Body","847 251-3393","danielsautowil@sbcglobal.net","http://www.danielsautowilmette.com","Marvin Daniels","517 4th St.","","Wilmette","IL","60091","517 4th St.","","Wilmette","IL","60091","Active","1/1/1900","Basic","January","Marvin Daniels","300.00"
"de Giulio Design","(847) 256-8833","ccostello@degiuliodesign.com","http://www.degiuliodesign.com","Carrie Costello","1121 Central Ave.","","Wilmette","IL","60091","1121 Central Ave.","","Wilmette","IL","60091","Active","1/1/1900","Platinum","January","Carrie Costello","1,500.00"
"Byline Bank","(847) 256-4849","kogasawara@bylinebank.com","http://www.bylinebank.com","Kim Ogasawara","3245 Lake Ave.","","Wilmette","IL","60091","3245 Lake Ave.","","Wilmette","IL","60091","Active","1/1/1900","Platinum","January","","1,500.00"
"Fuenfer Jewelers","847 256-9444","nfuenfer@sbcglobal.net","http://www.fuenferjewelers.com","Brett Fuenfer","124 Skokie Blvd.","","Wilmette","IL","60091","124 Skokie Blvd.","","Wilmette","IL","60091","Active","1/1/1989","Silver","January","Brett Fuenfer","500.00"
"Green Bay Animal Hospital","847 251-5900","nharas@vetcor.com","http://greenbayanimalhospital.com/","Nancy Haras","1221 Green Bay Road","","Wilmette","IL","60091","1221 Green Bay Road","","Wilmette","IL","60091","Active","1/1/1900","Silver","January","Nancy Haras","500.00"
"Hanig's Footwear","847 256-3545","wilmette@hanigs.com","http://www.hanigs.com","Daniel Hanig","1181 Wilmette Avenue","","Wilmette","IL","60091","1181 Wilmette Avenue","","Wilmette","IL","60091","Active","3/13/2019","Basic","January","Daniel Hanig","300.00"
"Illinois Bone & Joint Institute - Wilmette","(847) 724-4864","lmjensen@ibji.com","http://www.ibji.com","Ryan Caturan","521 Green Bay Road","","Wilmette","IL","60091","521 Green Bay Road","","Wilmette","IL","60091","Active","1/1/1900","Basic","January","Ryan Caturan","500.00"
"Northshore Automotive","847 853-8300","northshoreauto@comcast.net","http://www.nsautomotive.net","Tim Fella","525 Green Bay Rd.","","Wilmette","IL","60091","525 Green Bay Rd.","","Wilmette","IL","60091","Active","9/22/2008","Silver","January","Tim Fella","500.00"
"Irving's for Red Hot Lovers","(847) 251-6300","andy@irvings.com","http://www.irvings.com","Andy Greensphan","3207 Lake Ave.","","Wilmette","IL","60091","3207 Lake Ave.","","Wilmette","IL","60091","Active","5/16/2013","Basic","January","Andy Greensphan","300.00"
"Plaza Orthodontics","847 251-3323","janet@plazaorthodontics.com","http://www.plazaorthodontics.com","Janet Mota","1625 Sheridan Rd.","Ste H","Wilmette","IL","60091","1625 Sheridan Rd.","Ste H","Wilmette","IL","60091","Active","1/1/1900","Silver","January","Janet Mota","500.00"
"Kenilworth Park District","(847) 251-1691","jkiwala@kpdistrict.org","http://www.kenilworthparkdistrict.org","Michael Hixenbaugh","410 Kenilworth Ave.","","Kenilworth","IL","60043","410 Kenilworth Ave.","","Kenilworth","IL","60043","Active","1/1/1900","Silver","January","Monique Austin","1,500.00"
"F.J. Kerrigan Plumbing Co.","847 251-2695","mkerrigan@kerriganplumbing.com","http://www.kerriganplumbing.com","Mike Kerrigan","811 Ridge Rd.","","Wilmette","IL","60091","811 Ridge Rd.","","Wilmette","IL","60091","Active","1/1/1900","Platinum","January","Mike Kerrigan","1,500.00"
"Lambrecht's Jewelers Inc.","(847) 251-3284","info@lambrechtsjewelers.com","http://www.lambrechtsjewelers.com","Matthew Lambrecht","1131 Central Ave.","","Wilmette","IL","60091","1131 Central Ave.","","Wilmette","IL","60091","Active","1/1/1900","Platinum","January","Matt & Beth Lambrecht","1,500.00"
"Michigan Shores Club","(847) 251-4100","communications@michiganshores.org","http://www.michiganshores.org","","911 Michigan Ave.","","Wilmette","IL","60091","911 Michigan Ave.","","Wilmette","IL","60091","Active","1/1/1900","Not-For-Profit","January","","250.00"
"Mid-Central Printing and Mailing","(847) 251-4040","mcpm1910@yahoo.com","http://www.midcentralprinting.com","John Korzak","1211 Wilmette Ave.","","Wilmette","IL","60091","1211 Wilmette Ave.","","Wilmette","IL","60091","Active","1/1/1900","Basic","January","John Korzak","300.00"
"New Vision - Optical Boutique","(847) 251-3330","newvopt@gmail.com","http://newvisionopticalwilmette.net","Pat Takata","120 Skokie Blvd.","","Wilmette","IL","60091","120 Skokie Blvd.","","Wilmette","IL","60091","Active","1/1/1900","Basic","January","Pat Takata","300.00"
"Oakton Community College","847 635-1600","emcdonag@oakton.edu","http://www.oakton.edu","Eilish McDonagh-Hermer","1600 E. Golf Rd.","Room 1420","Des Plaines","IL","60016","1600 E. Golf Rd.","Room 1420","Des Plaines","IL","60016","Active","1/1/1900","Not-For-Profit","January","Eilish McDonagh-Hermer","250.00"
"Pediatric Associates of the North Shore","847 256-6480","info@pansdocs.com","http://www.pansdocs.com","Nichole Cruz","1144 Wilmette Ave.","","Wilmette","IL","60091","1144 Wilmette Ave.","","Wilmette","IL","60091","Active","1/1/1900","Gold","January","Nichole Cruz","1,500.00"
"Plaza del Lago","(847) 449-5587","brittany.mundarain@wsdevelopment.com","http://www.plazadelago.com","","1515 Sheridan Rd. ","","Wilmette","IL","60091","1515 Sheridan Rd. ","","Wilmette","IL","60091","Active","12/31/2024","Platinum","January","Lauren Bennett","1,500.00"
"International Bank of Chicago","847 920-1400","eric.hubbard@inbk.com","http://www.inbk.com/","Eric Hubbard","611 Green Bay Rd.","","Wilmette","IL","60091","611 Green Bay Rd.","","Wilmette","IL","60091","Active","1/1/1900","Platinum","January","Sophie Meloudis","1,500.00"
"Regina Dominican High School","847 256-7660","marketing@rdpanthers.org","http://www.rdpanthers.org","Ellie Schmerler-Rich","701 Locust Rd.","","Wilmette","IL","60091","701 Locust Rd.","","Wilmette","IL","60091","Active","1/1/1900","Not-For-Profit","January","Ellie Schmerler-Rich","250.00"
"Ridgeview Grill","(847) 251-2770","ridgeviewgrill@sbcglobal.net","http://www.ridgeviewgrill.com","Dean Thanos","827 Ridge Rd.","","Wilmette","IL","60091","827 Ridge Rd.","","Wilmette","IL","60091","Active","9/22/2008","Basic","January","Dean Thanos","300.00"
"Woman's Club of Wilmette","847 251-0527","communications@womansclubofwilmette.org","http://www.womansclubofwilmette.org","Beth Dunn","930 Greenleaf Ave.","","Wilmette","IL","60091","930 Greenleaf Ave.","","Wilmette","IL","60091","Active","9/22/2008","Not-For-Profit","January","Beth Dunn","250.00"
"Shawnee  Service Garage","(847) 251-1234","shawneegarage@comcast.net","http://shawneeservicecenter.com","Phil Marvin","332 Linden Ave.","","Wilmette","Illinois","60091","332 Linden Ave.","","Wilmette","Illinois","60091","Active","1/1/1900","Basic","January","Phil Marvin","300.00"
"Sweet's Heating & Air Conditioning","847 251-1247","sweetsshop@sbcglobal.net","","Robert Beitzel","736 12th Street","","Wilmette","IL","60091","736 12th Street","","Wilmette","IL","60091","Active","1/1/1900","Basic","January","Robert Beitzel","300.00"
"Terry Animal Hospital","847 256-1131","terry_ah@sbcglobal.net","http://www.terryah.com","Genevieve England","1419 Lake Ave.","","Wilmette","IL","60091","1419 Lake Ave.","","Wilmette","IL","60091","Active","1/1/1900","Silver","January","Genevieve England","500.00"
"Vestor Realty Consultants, Inc.","847 920-9401","vrcappr@sbcglobal.net","http://www.vestorrealty.com","George  Baker","1405 Lake Ave.","","Wilmette","IL","60091","1405 Lake Ave.","","Wilmette","IL","60091","Active","1/1/1900","Basic","January","George Baker","300.00"
"Village of Wilmette","(847) 251-2700","hallgrene@wilmette.com","http://www.wilmette.com","Lisa Brosnan","1200 Wilmette Ave.","","Wilmette","IL","60091","1200 Wilmette Ave.","","Wilmette","IL","60091","Active","1/1/1900","Municipality","January","Lisa Brosnan","2,500.00"
"Wilmette Auto Body Rebuilders","847 251-1535","glen@wilmetteautobody.com","http://wilmetteautobody.com","Glen Dekoven","1920 Lake Ave.","","Wilmette","IL","60091","1920 Lake Ave.","","Wilmette","IL","60091","Active","1/1/1900","Basic","January","Glen Dekoven","300.00"
"Wilmette Bicycle & Sports Shop","847 251-1404","wilmettesportshop@comcast.net","http://www.wilmettesportshop.com/","Allan & Larry Versino","605 Green Bay Rd.","","Wilmette","IL","60091","605 Green Bay Rd.","","Wilmette","IL","60091","Active","1/1/1900","Basic","January","Allan & Larry Versino","300.00"
"Wilmette/Kenilworth Chamber of Commerce","847 251-3800","info@wilmettekenilworth.com","http://www.wilmettekenilworth.org","Jennifer Herren Gatesman","351 Linden","","Wilmette","IL","60091","351 Linden","","Wilmette","IL","60091","Active","1/1/1900","Chamber of Commerce","January","Jennifer Herren Gatesman","0.00"
"Wilmette History Museum","847 853-7666","museum@wilmette.com","http://www.wilmettehistory.org","Rachel Ramirez","609 Ridge Rd.","","Wilmette","IL","60091","609 Ridge Rd.","","Wilmette","IL","60091","Active","1/1/1900","Not-For-Profit","January","Rachel Ramirez","250.00"
"Wilmette Lucke Plumbing, Inc.","847 251-2020","wilplumb@sbcglobal.net","http://www.luckeplumbing.com","Scott Stieber","736 12th Street","","Wilmette","IL","60091","736 12th Street","","Wilmette","IL","60091","Active","1/1/1900","Silver","January","Scott Stieber","500.00"
"Wilmette Park District","(847) 256-6100","clindgren@wilpark.org","http://www.wilmettepark.org","Chris Lindgren","3000 Glenview Rd.","","Wilmette","IL","60091","1200 Wilmette Ave.","","Wilmette","IL","60091","Active","1/1/1900","Silver","January","Lindsay Thomas","0.00"
"Wilmette Public Library","847 256-5025","aauston@wilmettelibrary.info","http://www.wilmettelibrary.info","Anthony Auston","1242 Wilmette Ave.","","Wilmette","IL","60091","1242 Wilmette Ave.","","Wilmette","IL","60091","Active","1/1/1900","Gold","January","Anthony Auston","1,000.00"
"Wilmette Theatre","(847) 251-7424","info@wilmettetheatre.com","http://www.wilmettetheatre.com","Karen Barr","1122 Central Ave.","","Wilmette","IL","60091","1122 Central Ave.","","Wilmette","IL","60091","Active","1/1/1900","Not-For-Profit","January","Accountant","250.00"
"greenmanIT, Inc.","847 921-0172","dlee@greenmanit.com","http://www.greenmanit.com","David Lee","1715 Central Ave.","","Wilmette","IL","60091","1715 Central Ave.","","Wilmette","IL","60091","Active","9/28/2008","Basic","January","David Lee","300.00"
"Wilmette Maids","847 853-9793","info@wilmettemaids.com","http://www.wilmettemaids.com","Rasa Rinkeviciute","644 Hibbard Rd.","","Wilmette","IL","60091","644 Hibbard Rd.","","Wilmette","IL","60091","Active","9/22/2008","Basic","January","Rasa Rinkeviciute","300.00"
"North Shore Community Bank","(847) 853-1145","mdonnell@nscbank.com","http://www.nscbank.com","Terrell Perry","1145 Wilmette Ave.","","Wilmette","IL","60091","1145 Wilmette Ave.","","Wilmette","IL","60091","Active","9/22/2008","Platinum","January","Terrell Perry","1,500.00"
"Benedetto Dental","847 256-1070","benedettodental@gmail.com","http://www.benedettodental.com","Athena Schwegel","1625 Sheridan Rd., Ste. K & L","","Wilmette","IL","60091","1625 Sheridan Rd., Ste. K & L","","Wilmette","IL","60091","Active","1/1/2020","Basic","January","Athena Schwegel","300.00"
"A Center for Acupuncture ","847 251-5225","jason@acfom.com","http://www.acfom.com","Jason Bussell","415 1/2 Fourth St.","","Wilmette","IL","60091","415 1/2 Fourth St.","","Wilmette","IL","60091","Active","1/9/2003","Basic","January","Jason Bussell","300.00"
"West End Florist, Inc. & Garden Center","847 251-1943","ehoffmanwest@ameritech.net","http://www.westendflorist.com","Elizabeth Hoffman","3800 Old Glenview Rd.","","Evanston","IL","60201","3800 Old Glenview Rd.","","Evanston","IL","60201","Active","2/19/2004","Basic","January","Elizabeth Hoffman","300.00"
"Shore Line Place","847 251-6212","shore.line@LSSI.org","http://www.lssi.org/service/ShoreLinePlace.aspx","Marsha Holmes","324 Linden Ave.","","Wilmette","IL","60091","324 Linden Ave.","","Wilmette","IL","60091","Active","3/19/2004","Not-For-Profit","January","Marsha Holmes","250.00"
"Ronald Knox Montessori School","847 256-2922","office_manager@ronaldknox.org","http://www.ronaldknox.org","Anita McGing","2031 Elmwood Ave.","","Wilmette","IL","60091","2031 Elmwood Ave.","","Wilmette","IL","60091","Active","9/22/2008","Not-For-Profit","January","Robin Padar","250.00"
"Pediatric Dentistry Specialists P.C.-Dr. Angela Kalb","847 256-2501","smile@pediatric-dentistry.org","http://pediatric-dentistry.org/","Angela Kalb","1103 Central Ave.","","Wilmette","IL","60091","1103 Central Ave.","","Wilmette","IL","60091","Active","9/22/2008","Gold","January","Angela Kalb","1,000.00"
"Raynor Door Company","847 441-6900","john@raynordoor.com","http://www.raynordoor.com","John Bradley","1653 Winnetka Ave.","","Northfield","IL","60093","1653 Winnetka Ave.","","Northfield","IL","60093","Active","2/28/2005","Basic","January","John Bradley","300.00"
"Stuart A Feldman P.C.","847 256-9800","sfeldman@northshore.net","","Stuart Feldman","811 Westwood Lane","","Wilmette","IL","60091","811 Westwood Lane","","Wilmette","IL","60091","Active","3/15/2005","Basic","January","Stuart Feldman","300.00"
"Eggemeyer & Graham Orthodontics, Ltd","847 256-3235","frontdesk@egortho.com","http://www.egortho.com","Elsa Hernandez","403 Linden Ave.","","Wilmette","IL","60091","403 Linden Ave.","","Wilmette","IL","60091","Active","1/31/2006","Basic","January","Libby  Graham","300.00"
"Bottle Shop, The","847 256-7777","amy@thebottleshop.net","http://www.thebottleshop.net","Amy Lafontant","1148 Central Ave.","","Wilmette","IL","60091","1148 Central Ave.","","Wilmette","IL","60091","Active","12/15/2005","Basic","January","Amy Lafontant","300.00"
"Baker Demonstration School","(847) 425-5800","communications@bakerdemschool.org","http://www.bakerdemschool.org","Baker Demonstration School","201 Sheridan Rd.","","Wilmette","IL","60091","201 Sheridan Rd.","","Wilmette","IL","60091","Active","11/2/2020","Not-For-Profit","January","Baker Demonstration School","250.00"
"Rotary Club of Wilmette","(847) 722-2115","Clubrotarywilmette@gmail.com","http://wilmetterotary.org/","Debora Morris","","","Wilmette","IL","60091","P.O. Box 111","","Wilmette","IL","60091","Active","8/18/2006","Not-For-Profit","January","Debora Morris","250.00"
"Litigators Incorporated, P.C.","847 251-0808","litigatorsinc@msn.com","http://www.litigatorsinc.net","Jeff Brody","825 Green Bay Rd.","Ste. 124","Wilmette","IL","60091","825 Green Bay Rd.","Ste. 124","Wilmette","IL","60091","Active","3/7/2007","Basic","January","Jeff Brody","300.00"
"Shoreview Orthodontics","847 251-6228","cher.phillips@shoreviewortho.com","http://www.mcclellanortho.com/","Cher Phillips","450 Green Bay Rd.","","Kenilworth","IL","60043","450 Green Bay Rd.","","Kenilworth","IL","60043","Active","11/2/2007","Basic","January","Cher Phillips","300.00"
"Todd Markman, State Farm Insurance Agency","847 256-8633","todd@toddmarkman.com","http://www.toddmarkman.com","Todd Markman","809 Ridge Rd.","","Wilmette","IL","60091","809 Ridge Rd.","","Wilmette","IL","60091","Active","2/22/2008","Basic","January","Todd Markman","300.00"
"Midwest Certified Insurance","(847) 427-8000","britney@midwestga.com","https://midwestcertified.com/","Robert Adam","54 W. Seegers Rd.","","Arlington Heights","IL","60005","54 W. Seegers Rd.","","Arlington Heights","IL","60005","Active","2/25/2008","Basic","January","Britney Camacho","300.00"
"Go Green Wilmette","(847) 910-3172","info@gogreenwilmette.org","http://www.gogreenwilmette.org","Beth Drucker","P.O. Box 954","","Wilmette","IL","60091","P.O. Box 954","","Wilmette","IL","60091","Active","3/11/2008","Not-For-Profit","January","Tina Schultz","250.00"
"New Trier Democrats","(847) 386-6109","team@newtrierdemocrats.org","https://newtrierdemocrats.org/","Patrick Henley","800 Oak, Ste 112","","Winnetka","IL","60093","800 Oak, Ste 112","","Winnetka","IL","60093","Active","4/24/2008","Not-For-Profit","January","Patrick Henley","250.00"
"Millen Hardware","(847) 251-3060","dibmillen@gmail.com","https://johnmillenhardware.com","Doug Sanders","1219 Wilmette Ave.","","Wilmette","IL","60091","1219 Wilmette Ave.","","Wilmette","IL","60091","Active","6/4/2008","Basic","January","Doug Sanders","300.00"
"The Key  ","(847) 260-9813","nhopkins@thekey.com","https://thekey.com/locations/illinois/chicago","Nancy Hopkins","1300 W. HIggins","","Park Ridge","IL","60068","1300 W. HIggins","","Park Ridge","IL","60068","Active","2/9/2009","Basic","January","Nancy Hopkins","0.00"
"William Harris Lee & Co., Inc.","(847) 920-9445","whleenorth@whlee.com","http://www.whlee.com","Beth Foort","1138 Central Ave.","","Wilmette","IL","60091","1138 Central Ave.","","Wilmette","IL","60091","Active","10/1/2009","Basic","January","Beth Foort","300.00"
"Comcast Business","(847) 460-2971","chaitenya_goshalia@cable.comcast.com","http://www.business.comcast.com","Chad Goshalia","1475 E. Woodfield Road","3rd Floor","Schaumburg","IL","60173","1475 E. Woodfield Road","3rd Floor","Schaumburg","IL","60173","Active","11/16/2009","Basic","January","Kristen Keane","300.00"
"Village of Kenilworth","(847) 251-1666","info@vok.org","http://www.vok.org","Kathy Thake","419 Richmond Rd.","","Kenilworth","IL","60043","419 Richmond Rd.","","Kenilworth","IL","60043","Active","12/18/2009","Municipality","January","Kathy Thake","2,500.00"
"@properties Winnetka","(847) 881-0200","carrietarzon@atproperties.com","http://www.atproperties.com","Mary Grant","30 Green Bay Road","","Winnetka","IL","60093","30 Green Bay Road","","Winnetka","IL","60093","Active","5/21/2010","Platinum","January","Mary Grant","1,500.00"
"Edward A. Anderson Company","(847) 446-1648","pa@andersonbuilt.com","http://www.andersonbuilt.com","Paul Armstrong","Paul L. Armstrong AIA ","22 Green Bay Road","Winnetka","IL","60093","Paul L. Armstrong AIA ","22 Green Bay Road","Winnetka","IL","60093","Active","6/14/2010","Basic","January","Paul Armstrong","300.00"
"Chabad Center for Jewish Life & Learning","(847) 251-7707","rabbi@chabadwilmette.com","http://www.chabadwilmette.com","Dovid Flinkenstein","2904 Old Glenview Rd","","Wilmette","IL","60091","2904 Old Glenview Rd","","Wilmette","IL","60091","Active","12/3/2010","Not-For-Profit","January","Dovid Flinkenstein","250.00"
"New Trier Township Government","(847) 446-8202","lhopkins@newtriertownship.com","http://www.newtriertownship.com","Heather Oliver","739 Elm Street","","Winnetka","IL","60093","739 Elm Street","","Winnetka","IL","60093","Active","2/18/2011","Not-For-Profit","January","Heather Oliver","250.00"
"Wilmette Foot & Ankle Clinic","(847) 256-4434","doctor@wellfoot.com","http://www.wilmettefootcare.com","Gary Rogers","1919 Lake Ave., Ste. A","","Wilmette","IL","60091","1919 Lake Ave., Ste. A","","Wilmette","IL","60091","Active","3/30/2011","Basic","January","Gary Rogers","500.00"
"North Shore Music","(847) 906-4401","nsmwilmette@gmail.com","http://www.northshoremusicwilmette.com","Alejandro Urzagaste","1167 Wilmette Ave","Suite 210","Wilmette","IL","60091","1167 Wilmette Ave","Suite 210","Wilmette","IL","60091","Active","","Silver","January","Alejandro Urzagaste","500.00"
"Music Theater Works","(847) 920-5360","kdougan@musictheaterworks.org","http://www.musictheaterworks.com","Kyle Dougan","516 4th Street","","Wilmette","IL","60091","516 4th Street","","Wilmette","IL","60091","Active","4/11/2011","Not-For-Profit","January","Christopher  Riley","250.00"
"SNAP Dance","(847) 251-7627","SNAPWilmette@gmail.com","http://studionorthacademy.com","Pamela Fox","414 Linden","","Wilmette","IL","60091","414 Linden","","Wilmette","IL","60091","Active","8/27/2011","Silver","January","Pamela Fox","500.00"
"Yellow Bird Stationery, Invitations & Gifts","(847) 256-1380","yellowbirdstore@sbcglobal.net","http://www.yellowbirdstore.com","Carol Schaner","1199 Wilmette Ave.","","Wilmette","IL","60091","1199 Wilmette Ave.","","Wilmette","IL","60091","Active","10/10/2011","Basic","January","Carol Schaner","300.00"
"Music Institute of Chicago","(847) 905-1500","efusco@musicinst.org","http://www.musicinst.org","","300 Green Bay Road","","Winnetka","IL","60093","300 Green Bay Road","","Winnetka","IL","60093","Active","1/25/2012","Not-For-Profit","January","Clem Leek","250.00"
"Mathnasium of Kenilworth","(847) 251-3200","jsteve@schoolhouse4math.com","http://www.mathnasium.com/kenilworth","Cheyanne Snead","554 Green Bay Road","","Kenilworth","IL","60043","222 Northfield Road  Suite 201","","Northfield","IL","60093","Active","8/26/2013","Basic","January","J. Steve Santacruz","300.00"
"John Plunkett Interiors, LLC","(847) 906-1000","office@johnplunkettinteriors.com","http://johnplunkettinteriors.com","John Plunkett","80 Green Bay Rd.","","Winnetka","IL","60093","80 Green Bay Rd.","","Winnetka","IL","60093","Active","9/20/2013","Silver","January","John Plunkett","500.00"
"Residence Inn by Marriott Wilmette","(847) 251-6600","koconnell@zmchotels.com","http://marriott.com/chiwl","Kathryn            O'Connell","3205 Old Glenview Rd.","","Wilmette","IL","60091","3205 Old Glenview Rd.","","Wilmette","IL","60091","Active","2/24/2014","Silver","January","Kathryn            O'Connell","500.00"
"Law Offices of Charles E. Hutchinson, LLC","(312) 259-0672","charles@charleshutchinsonlaw.com","http://www.charleshutchinsonlaw.com","Charles Hutchinson","607 9th Street","","Wilmette","IL","60091","607 9th Street","","Wilmette","IL","60091","Active","8/1/2014","Platinum","January","Charles Hutchinson","1,500.00"
"Hubba-Hubba","(847) 728-0272","hubbahubba.wilmette@gmail.com","http://hubbahubbawilmette.com","Julie Cohen","1105 Central Ave.","","Wilmette","IL","60091","1105 Central Ave.","","Wilmette","IL","60091","Active","2/25/2015","Silver","January","Julie Cohen","300.00"
"Bella Tile & Stone, Wilmette","(224) 408-2544","missy@bellatileandstone.com","http://bellatileandstone.com","Missy McDonald","1191 Wilmette Avenue","","Wilmette","IL","60091","1191 Wilmette Avenue","","Wilmette","IL","60091","Active","9/18/2015","Silver","January","Missy McDonald","500.00"
"North Shore Associates in Gyne/OB, S.C.","(847) 475-1224","lasaleh60@gmail.com","http://www.nsago.com","Laura Saleh","328 Linden Ave.","","Wilmette","IL","60091","328 Linden Ave.","","Wilmette","IL","60091","Active","11/13/2015","Platinum","January","Laura Saleh","1,500.00"
"Banner Literacy","(847) 636-6064","terrie.briggs@bannerliteracy.com","http://www.bannerliteracy.com","Terrie Briggs","1232 Greenwood","","Wilmette","IL","60091","1232 Greenwood","","Wilmette","IL","60091","Active","2/29/2016","Silver","January","Terrie Briggs/Tim Bridgma Bridgman","500.00"
"New Trier Educational Foundation","(847) 784-2667","mayere@newtrier.k12.il.us","https://newtrierconnect.org","Pon Angara","7 Happ Rd.","","Northfield","IL","60093","7 Happ Rd.","","Northfield","IL","60093","Active","2/29/2016","Not-For-Profit","January","Pon Angara","250.00"
"St. Roger Abbey Organic French Gourmet Patisserie","(847) 251-3005","raphael10@aol.com","http://www.strogerabbey.org","Sister Marie  Valerie","1101 Central Ave.","","Wilmette","IL","60091","1101 Central Ave.","","Wilmette","IL","60091","Active","8/24/2016","Not-For-Profit","January","Sister Marie  Valerie","250.00"
"Smilin Dental","(847) 446-5868","Smilin@smilindental.com","http://www.smilindental.com","Steven Bacalar","411 Linden Ave.","","Wilmette","IL","60091","411 Linden Ave.","","Wilmette","IL","60091","Active","8/29/2016","Silver","January","Steven Bacalar","300.00"
"A. Perry Homes","(847) 549-0668","aperryhomes@gmail.com","http://aperryhomes.com","Anthony Perry","1220 Washington Ave.","","Wilmette","IL","60091","1220 Washington Ave.","","Wilmette","IL","60091","Active","10/14/2016","Silver","January","Anthony Perry","500.00"
"Napolita Pizzeria & Wine Bar","(224) 215-0305","josh@vandalaybrands.com","http://www.napolitapizza.com","Jackie Rosen","1126 Central Ave.","","Wilmette","IL","60091","1126 Central Ave.","","Wilmette","IL","60091","Active","10/31/2016","Silver","January","Kate Ahern","750.00"
"Kurv","(847) 529-1609","rabbimartyn@gmail.com","http://www.kurv.com","Martyn Adelberg","","","Morton Grove","IL","60053","7927 Maple St.","","Morton Grove","IL","60053","Active","12/1/2016","Basic","January","Martyn Adelberg","300.00"
"Red Spade Environments, LLC","(847) 271-9857","skmyers@redspadeenvironments.com","http://www.redspadeenvironments.com","Stephanie King-Myers","1000 Ridge Road","","Wilmette","IL","60091","1000 Ridge Road","","Wilmette","IL","60091","Active","2/3/2017","Silver","January","Stephanie King-Myers","500.00"
"Efficiency Marketing & Publicity","(847) 691-8399","heather@efficiencymarketingandpublicity.com","https://www.linkedin.com/in/heatherhehman","Heather Hehman","","","Wilmette","IL","60091","116 Lawndale","","Wilmette","IL","60091","Active","","Basic","January","Heather Hehman","300.00"
"Grotto Communications","(847) 475-9724","kim@grottocom.com","https://www.grottocom.com","Kimberly Pierceall","821 Brummel","","Evanston","IL","60202","821 Brummel","","Evanston","IL","60202","Active","4/24/2017","Basic","January","Kimberly Pierceall","300.00"
"Endoscopy Center of the North Shore","(847) 256-1855","info@ginorthshore.com","http://www.ginorthshore.com","Manoj Mehta","1732 Central Ave.","","Evanston","IL","60201","1732 Central Ave.","","Evanston","IL","60201","Active","4/27/2017","Basic","January","Manoj Mehta","300.00"
"Torino Ramen","(847) 920-5075","info@torinoramen.com","http://www.torinoramen.com","Chikako Eickbush","1162 Wilmette Ave.","","Wilmette","IL","60091","1162 Wilmette Ave.","","Wilmette","IL","60091","Active","5/15/2017","Silver","January","Chikako Eickbush","500.00"
"A.S.K. Marketing Group, Inc.","(847) 207-4643","askgroup2020@gmail.com","","Anne Kelly","","","Wilmette","IL","60091","2237 Schiller","","Wilmette","IL","60091","Active","1/17/2018","Basic","January","Anne Kelly","300.00"
"Residences of Wilmette LLC, The","(224) 505-6500","residencesofwilmette@rmk.com","http://www.theresidencesofwilmette.com/","Todd Dluzniewski","617 Green Bay Rd.","","Wilmette","IL","60091","617 Green Bay Rd.","","Wilmette","IL","60091","Active","1/22/2018","Basic","January","Todd Dluzniewski","300.00"
"Oto Float","(847) 906-3299","heather@otofloat.com","http://www.otofloat.com","Heather Martello","1214 Washington Ave.","","Wilmette","IL","60091","1214 Washington Ave.","","Wilmette","IL","60091","Active","6/13/2018","Basic","January","Heather Martello","150.00"
"Light On Anxiety Treatment Centers","(847) 610-6763","hello@lightonanxiety.com","https://lightonanxiety.com/","Haley Tomlinson","3330 Old Glenview Rd., Ste. 14","","Wilmette","IL","60091","3330 Old Glenview Rd., Ste. 14","","Wilmette","IL","60091","Active","9/18/2018","Basic","January","Haley Tomlinson","300.00"
"Secure Futures Ltd.","(847) 446-2790","charlie@secureil.com","http://www.secureil.com","Max Ieuter","413 Linden Ave.","","Wilmette","IL","60091","413 Linden Ave.","","Wilmette","IL","60091","Active","10/19/2018","Platinum","January","Charlie Ieuter","1,500.00"
"Bella Cosa Jewelers","(847) 251-5000","hello@mybella.com","https://www.bellacosajewelers.com/","","1149 Wilmette Ave.","","Wilmette","IL","60091","1149 Wilmette Ave.","","Wilmette","IL","60091","Active","12/10/2018","Platinum","January","Kristina Holloway","1,500.00"
"YWCA Shop for Good","(847) 853-8888","ywshop@ywca-ens.org","http://www.ywca-ens.org/shop","Marko Djurovic","1107 Central Ave.","","Wilmette","IL","60091","1107 Central Ave.","","Wilmette","IL","60091","Active","1/18/2019","Not-For-Profit","January","Marko Djurovic","250.00"
"OsteoStrong","(224) 408-2369","wilmette@osteostrong.me","http://osteostrongwilmette.me","Lyndon Sumlin","126 Skokie Blvd.","","Wilmette","IL","60091","126 Skokie Blvd.","","Wilmette","IL","60091","Active","1/21/2019","Silver","January","Lyndon Sumlin","500.00"
"Savant Wealth Management","(866) 489-0500","mward@savantwealth.com","https://savantwealth.com","","1000 Skokie Blvd., Ste. 100","","Wilmette","IL","60091","1000 Skokie Blvd., Ste. 100","","Wilmette","IL","60091","Active","3/20/2019","Basic","January","Carrie Petrak","300.00"
"Big City Optical LLC","(847) 251-7211","vision@bigcityoptical.com","http://www.bigcityoptical.com","Michael Kogelis","1515 Sheridan Rd.","Plaza del Lago","Wilmette","IL","60091","1515 Sheridan Rd.","Plaza del Lago","Wilmette","IL","60091","Active","6/6/2019","Basic","January","Michael Kogelis","300.00"
"Pescadero Seafood & Oyster Bar","(224) 215-3011","josh@vandalaybrands.com","http://www.pescaderofish.com","Josh Schoenfeld","1167 Wilmette Ave.","","Wilmette","IL","60091","1167 Wilmette Ave.","","Wilmette","IL","60091","Active","6/17/2019","Silver","January","Kate Ahern","0.00"
"The Insurance People ","(773) 697-8082","alexandra.eidenberg@insuranceppl.com","http://www.insuranceppl.com","Alexandra Eidenberg","5225 Old Orchard Rd., #8","","Skokie","IL","60077","5225 Old Orchard Rd., #8","","Skokie","IL","60077","Active","","Basic","January","Alexandra Eidenberg","300.00"
"Lapels Dry Cleaning","(847) 251-2433","lapels.wilmette@gmail.com","http://www.mylapels.com/locations/wilmette/","Fahim Zuberi","819 Ridge Rd.","","Wilmette","IL","60091","819 Ridge Rd.","","Wilmette","IL","60091","Active","11/19/2019","Basic","January","Fahim Zuberi","0.00"
"New Trier High School","(847) 446-7000","sallyp@nths.net","http://newtrier.k12.il.us","Paul Sally","385 Winnetka Ave.","","Winnetka","IL","60093","7 Happ Rd.","","Northfield","IL","60093","Active","12/11/2019","Not-For-Profit","January","Lindsey Ruston","250.00"
"Optima, Inc.","(847) 920-8990","burnhama@optima.inc","http://www.optimaverdana.com","Mark Segal","1210 Central Ave","","Wilmette","IL","60091","1210 Central Ave","","Wilmette","IL","60091","Active","1/24/2020","Platinum","January","Ali Burnham","1,500.00"
"The School of Saints Faith, Hope & Charity","(847) 446-0031","lgarrett@faithhopeschool.org","http://www.faithhopeschool.org/","Linda Garrett","180 Ridge Ave.","","Winnetka","IL","60093","180 Ridge Ave.","","Winnetka","IL","60093","Active","1/1/2020","Not-For-Profit","January","Tom Meagher","250.00"
"Canning & Canning","(847) 853-7040","chris@canninglegal.com","http://www.canninglegal.com","Christopher Canning","1000 Skokie Blvd., Ste. 355","","Wilmette","IL","60091","1000 Skokie Blvd., Ste. 355","","Wilmette","IL","60091","Active","2/14/2020","Silver","January","Christopher Canning","500.00"
"Sophia Steak","(847) 728-8220","info@sophiasteak.com","http://www.sophiasteak.com","Kate Thompson","1146 Wilmette Ave.","","Wilmette","IL","60091","1146 Wilmette Ave.","","Wilmette","IL","60091","Active","2/19/2020","Platinum","January","Kate Thompson","0.00"
"Moomba Arts LLC","(847) 624-8216","p.hansen@comcast.net","","Peter Hansen","1036 Marshall Rd.","","Northbrook","IL","60062","1036 Marshall Rd.","","Northbrook","IL","60062","Active","5/12/2020","Basic","January","Peter Hansen","300.00"
"Bleachers Sports, Music & Framing","(847) 441-7767","bleacherz@aol.com","http://www.bleacherssports.com","Keith McDonough","1100 Central","","Wilmette","IL","60091","1100 Central","","Wilmette","IL","60091","Active","8/4/2020","Basic","January","Keith McDonough","300.00"
"Artis Senior Living - Wilmette","(847) 239-5558","treich@artismgmt.com","https://wilmette.artisseniorliving.com/","Tracey Reich","335 Ridge Road","","Wilmette","IL","60091","335 Ridge Road","","Wilmette","IL","60091","Active","11/2/2020","Silver","January","Tracey Reich","500.00"
"One Magnificent Medspa","(847) 503-9056","concierge@1mmspa.com","http://www.1mmspa.com","Stephanie Svec","1100 Central Ave, Ste J","","Wilmette","IL","60091","1100 Central Ave, Ste J","","Wilmette","IL","60091","Active","11/23/2020","Silver","January","Stephanie Svec","500.00"
"Optimum Fitness Formula 7","(224) 408-2929","optimumfitnessformula@gmail.com","https://www.optimumfitnessformula7.com/joining","Dennis Riza","123 Green Bay Road","","Wilmette","IL","60091","123 Green Bay Road","","Wilmette","IL","60091","Active","12/2/2020","Basic","January","Dennis Riza","300.00"
"Our Place of New Trier","(847) 512-4661","info@ourplaceofnewtrier.org","http://www.ourplaceofnewtrier.org","Pam Tingley","1020 Forest Avenue","","Wilmette","IL","60091","1020 Forest Avenue","","Wilmette","IL","60091","Active","5/24/2021","Not-For-Profit","January","Pam Tingley","250.00"
"Nathan Sulack State Farm Insurance","(847) 906-0096","nathan@sulackinsurance.com","http://sulackinsurance.com","Nathan Sulack","417 Linden Ave","Unit 1","Wilmette","IL","60091","417 Linden Ave","Unit 1","Wilmette","IL","60091","Active","","Basic","January","Nathan Sulack","300.00"
"Plum Grove","(847) 230-8535","sharon@plumgroveinc.com","http://www.plumgroveinc.com","Sharon Yale","320 Cary Point Dr.","","Cary","IL","60013","320 Cary Point Dr.","","Cary","IL","60013","Active","10/25/2021","Basic","January","Sharon Yale","300.00"
"Actors Training Center Inc.","(847) 251-8710","Info@actorstrainingcenter.com","http://www.actorstrainingcenter.org","Carole Dibo","1159 Wilmette Ave., Ste. 8","","Wilmette","IL","60091","1159 Wilmette Ave., Ste. 8","","Wilmette","IL","60091","Active","","Not-For-Profit","January","Christina Ramirez","250.00"
"Giggles & Giraffes","847-251-6665","denisehelms@comcast.net","https://www.gigglesgiraffes.com/","","1193 Wilmette Ave","","Wilmette","IL","60091","1193 Wilmette Ave","","Wilmette","IL","60091","Active","7/10/2023","Silver","January","Denise Helms","500.00"
"Sophia's Estate Sales","(773) 729-0638","sophia@sophiadubrul.com","https://www.sophiasestatesales.com","Sophia du Brul","","","Wilmette","IL","60091","1149 New Trier Ct","","Wilmette","IL","60091","Active","1/24/2022","Basic","January","Sophia du Brul","300.00"
"Buck Russell's Bakery & Sandwich Shop","(847) 920-4222","nicole@ballyhoohospitality.com","https://buckrussells.com/","Nicole  Manion","1137 Greenleaf ","","Wilmette","IL","60091","1137 Greenleaf ","","Wilmette","IL","60091","Active","3/9/2022","Platinum","January","Nicole  Manion","0.00"
"North Shore Exchange NFP","(847) 410-7337","wendy@northshoreexchange.org","https://northshoreexchange.org/","Arden Edelcup","1100 Central Avenue","","Wilmette","IL","60091","1100 Central Avenue","","Wilmette","IL","60091","Active","4/21/2022","Not-For-Profit","January","Arden Edelcup","250.00"
"Loyola Academy","(847) 256-1100","legan@loy.org","https://www.goramblers.org/","Lynn Egan","1100 Laramie Ave","","Wilmette","IL","60091","1100 Laramie Ave","","Wilmette","IL","60091","Active","12/6/2022","Not-For-Profit","January","Lynn Egan","250.00"
"Cook County Commissioner Scott Britton - 14th District","(847) 729-9300","liz.polmanski@cookcountyil.gov","https://www.cookcountyil.gov/all-people/scott-britton","Liz Polmanski","1812 Waukegan Road","","Glenview","IL","60025","1812 Waukegan Road","","Glenview","IL","60025","Active","1/23/2023","Basic","January","Liz Polmanski","300.00"
"Trinity Wilmette","(847) 251-7333","trinityinfo@trinitywilmette.org","http://trinitywilmette.com","Brian Smith","1024 Lake Avenue","","Wilmette","IL","60091","1024 Lake Avenue","","Wilmette","IL","60091","Active","3/1/2023","Not-For-Profit","January","Brian Smith","250.00"
"TRG Heating & Cooling","(224) 395-0282","service@therayesgroup.com","http://www.trgheatingandcooling.com","Sarah Montalvo","7441 CHANNEL RD.","","SKOKIE","IL","60076","7441 CHANNEL RD.","","SKOKIE","IL","60076","Active","3/9/2023","Basic","January","Sarah Montalvo","300.00"
"AA Service Company","(847) 383-0416","smansfield@aaserviceco.com","http://aaserviceco.com","","550 Anthony Trail","","Northbrook","IL","60062","550 Anthony Trail","","Northbrook","IL","60062","Active","3/31/2023","Silver","January","","500.00"
"A.J. Horner with Engel & Volkers","(224) 629-0059","Chicagonorthshore@evrealestate.com","https://ajhorner.evrealestate.com","A.J. Horner","536 Westmoreland Avenue","","Waukegan","IL","60085","536 Westmoreland Avenue","","Waukegan","IL","60085","Active","6/30/2023","Basic","January","A.J. Horner","300.00"
"NorthShore Loyalty","(847) 477-0429","ron@northshoreloyalty.com","https://www.northshoreloyalty.com/","Ron Goldblatt","790 Estate Dr.","Suite 201","Deerfield","IL","60015","790 Estate Dr.","Suite 201","Deerfield","IL","60015","Active","6/27/2023","Basic","January","Ron Goldblatt","300.00"
"Ballyhoo Hospitality","(312) 577-4004","info@ballyhoohospitality.com","http://ballyhoohospitality.com","CARLEIGH CONNELLY","908 N. Halsted","","Chicago","IL","60642","908 N. Halsted","","Chicago","IL","60642","Active","6/28/2023","Platinum","January","Luquisha Willis","1,500.00"
"League of Women Voters Wilmette","","lwvwilmetteevents@gmail.com","https://www.lwvwilmette.org/","Anne Treadway","P.O. Box to 322","","Wilmette","IL","60091","P.O. Box to 322","","Wilmette","IL","60091","Active","7/10/2023","Not-For-Profit","January","Anne Treadway","250.00"
"Youth Choral Theater of Chicago","(217) 417-3769","info@youthchoraltheater.org","http://youthchoraltheater.org","Daniel Hammond","PO Box 128","","Wilmette","IL","60091","PO Box 128","","Wilmette","IL","60091","Active","9/15/2023","Not-For-Profit","January","Daniel Hammond","250.00"
"Valley Lodge Tavern","(847) 920-5675","valleylodgeevents@gmail.com","http://www.valleylodgetavern.com","Chris Stavrou","1141 Central Avenue","","Wilmette","Illinois","60091","1141 Central Avenue","","Wilmette","Illinois","60091","Active","11/14/2023","Basic","January","Chris Stavrou","300.00"
"Vibrato Boutique","(847) 853-1434","vibratoboutique@hotmail.com","https://vibratoboutique.com","Janice Samberg","1152 Wilmette Ave","","Wilmette","IL","60091","1152 Wilmette Ave","","Wilmette","IL","60091","Active","12/20/2023","Basic","January","Janice Samberg","300.00"
"Abbott Painting Company Inc.","(773) 725-9800","rob@abbottpainting.com","http://www.abbottpainting.com","Bobby  Drell","540 W. Frontage Rd","","Northfield","IL","60093","540 W. Frontage Rd","","Northfield","IL","60093","Active","1/4/2024","Silver","January","Bobby  Drell","1,500.00"
"Pella Windows and Doors","(847) 562-9275","lackowskibc@pella.com","https://www.pella.com/locations/il/northfield/","Bonnie Lackowski","500 Central Ave","","Northfield","IL","60093","500 Central Ave","","Northfield","IL","60093","Active","1/18/2024","Silver","January","Bonnie Lackowski","500.00"
"The Wayfair Store","(847) 214-6280","jjacksonwhitman@wayfair.com","https://www.wayfair.com/m/wilmette","Johanna Jackson-Whitman","","","Wilmette","IL","60091","","","Wilmette","IL","60091","Active","2/6/2024","Platinum","January","Johanna Jackson-Whitman","1,500.00"
"FocalPoint Business Leadership Coaching","(847) 404-4857","tchowaniec@focalpointcoaching.com","https://tomchowaniec.focalpointcoaching.com","Tom Chowaniec","1500 SHERIDAN RD UNIT 9K","","Wilmette","IL","60091","1500 SHERIDAN RD UNIT 9K","","Wilmette","IL","60091","Active","2/13/2024","Basic","January","Tom Chowaniec","300.00"
"Patrician Gallery and Gatherings","(312) 391-5839","info@thepatriciangallery.com","http://thepatriciangallery.com","Patti Schumann","1135 Central Ave.","","Wilmette","IL","60091","1135 Central Ave.","","Wilmette","IL","60091","Active","4/25/2024","Silver","January","Patrice Bockos","500.00"
"Youth Services of Glenview/Northbrook","(847) 724-2620","Whitney.Madeen@ysgn.org","http://www.ysgn.org","Whitney Madeen","3080 West Lake Avenue","","Glenview","Illinois","60026","3080 West Lake Avenue","","Glenview","Illinois","60026","Active","4/29/2024","Not-For-Profit","January","Whitney Madeen","250.00"
"Pro Self Storage ","(847) 250-0565","fuhler@refinedrealtyllc.com","http://proself-storage.com","Frank Uhler","3632 Lake Ave","","Wilmette","IL","60091","2724 W 21st St.","","Chicago","IL","60608","Active","5/1/2024","Silver","January","Frank Uhler","500.00"
"Style Exteriors, Inc","(847) 865-3069","office@styleexteriors.com","http://www.styleexteriors.com","Kathleen Dessimoz","20876 N Rand Rd","","Kildeer","Illinois","60047","20876 N Rand Rd","","Kildeer","Illinois","60047","Active","5/8/2024","Gold","January","Kathleen Dessimoz","1,000.00"
"GreatWater 360 Auto Care - Evanston","(847) 328-1862","jkowalski@greatwatergarages.com","http://greatwater360autocare.com","Gus Hirth","2620 Crawford Avenue","","Evanston","IL","60201","2620 Crawford Avenue","","Evanston","IL","60201","Active","6/17/2024","Silver","January","Gus Hirth","500.00"
"Club Wilmette","(847) 921-3925","grafeedie@tellyourstoryinc.com","https://www.clubwilmette.com","George Rafeedie","1100 Central Ave., Unit G","","Wilmette","IL","60091","1100 Central Ave., Unit G","","Wilmette","IL","60091","Active","7/11/2024","Basic","January","George Rafeedie","300.00"
"North Shore Garage Doors","(847) 998-5555","office@northshoregaragedoors.com","https://www.northshoregaragedoors.com/","Will Santiago","3538 Lake Ave","","Wilmette","IL","60091","3538 Lake Ave","","Wilmette","IL","60091","Active","8/6/2024","Basic","January","Will Santiago","300.00"
"FRÍO Gelato","(847) 563-8252","info@friogelato.com","https://www.friogelato.com/","Edyta  Kucab","1152 Central Ave","","Wilmette","IL","60091","1701 Simpson Street","","Evanston","IL","60201","Active","9/4/2024","Basic","January","Edyta  Kucab","300.00"
"EvaDean's Bakery & Cafe","(847) 867-3796","downer.jordana@gmail.com","https://evadeans.com/","Jordana Downer","1115 Central Ave","","Wilmette","IL","60091","1115 Central Ave","","Wilmette","IL","60091","Active","9/24/2024","Basic","January","Jordana Downer","300.00"
"Light Up Your Holidays","(312) 728-8499","kelly@lightupyourholidays.com","https://lightupyourholidays.com/","Kelly Christmas Fitzsimmons","2211 W Foster Ave","","Chicago","IL","60625","2211 W Foster Ave","","Chicago","IL","60625","Active","10/2/2024","Basic","January","Kelly Christmas Fitzsimmons","1,500.00"
"Craig Scott Opticians","(847) 256-8206","craigscottoptics@gmail.com","https://0ecff09.rcomhost.com/","CRAIG Scott","1146 Central Avenue","","Wilmette","IL","60091","1146 Central Avenue","","Wilmette","IL","60091","Active","10/9/2024","Platinum","January","CRAIG Scott","1,500.00"
"MazMez Middle Eastern Grill","(847) 789-7741","mazmezgrill@outlook.com","https://mazmezgrill.com/","Rubair Abuhamama","1109 Central Ave","","Wilmette","IL","60091","1109 Central Ave","","Wilmette","IL","60091","Active","10/15/2024","Platinum","January","Rubair Abuhamama","1,500.00"
"Epoch North Shore Salon","(224) 255-1644","hello@epochnorthshore.com","https://epochnorthshore.com/","Beth Schindler","430 Green Bay Rd","","Kenilworth","IL","60043","430 Green Bay Rd","","Kenilworth","IL","60043","Active","10/17/2024","Silver","January","Beth Schindler","500.00"
"Edens Plaza","","edensplaza@wsdevelopment.com","http://www.edensplaza.com","","3232 Lake Ave.","","Wilmette","IL","60091","3232 Lake Ave.","","Wilmette","IL","60091","Active","12/31/2024","Platinum","January","","750.00"
"Elizabeth Griffin","(847) 508-1566","elizabethgriffin1132@gmail.com","http://elizabethgriffingifts.com","Matt & Beth Lambrecht","1129 Central Ave.","","Wilmette","IL","60091","1129 Central Ave.","","Wilmette","IL","60091","Active","11/25/2024","Platinum","January","Matt & Beth Lambrecht","1,500.00"
"SUV Chicago Limo","(312) 806-1074","info@suvchicagolimo.com","http://www.suvchicagolimo.com","Borislav Petrov","3443 W. Irving Park Rd","","Chicago","IL","60018","3443 W. Irving Park Rd","","Chicago","IL","60018","Active","11/26/2024","Silver","January","Annie Nikodimova","500.00"
"Floor Coverings International","(224) 432-0555","om.eggener@fcifloors.com","http://floorcoveringsinternational.com","Lindsley Godbout","1946 Lehigh Avenue","Suite B","Glenview","IL","60026","1946 Lehigh Avenue","Suite B","Glenview","IL","60026","Active","12/9/2024","Basic","January","Lindsley Godbout","300.00"
"Kenilworth Historical Society","(847) 251-2565","info@kenilworthhistory.org","http://kenilworthhistory.org","Will Taylor","415 Kenilworth Ave","","Kenilworth","IL","60043","415 Kenilworth Ave","","Kenilworth","IL","60043","Active","1/6/2025","Not-For-Profit","January","Will Taylor","250.00"
"Big Blue Swim School","(847) 728-3041","kedelstein@bigblueswimschool.com","https://bigblueswimschool.com/","Kate Edelstein","3232 Lake Ave","Suite 350","Wilmette","IL","60091","3232 Lake Ave","Suite 350","Wilmette","IL","60091","Active","1/3/2025","Basic","January","Kate Edelstein","300.00"
"James Martin Associates","(847) 634-1660","l.cuna@jamesmartinassociates.com","https://www.jamesmartinassociates.com/","Leslie Cuna","1440 Townline Rd","","Mundelein","IL","60060","1440 Townline Rd","","Mundelein","IL","60060","Active","1/23/2025","Basic","January","Leslie Cuna","300.00"
"Chicago Racoons","(773) 902-0292","info@chicagoracoons.com","http://www.chicagoracoons.com","Annie Nikodimova","3443 W. Irving Park Rd.","","Chicago","IL","60618","3443 W. Irving Park Rd.","","Chicago","IL","60618","Active","1/30/2025","Silver","January","Annie Nikodimova","250.00"
"Dermatology Physicians","(213) 483-4397","clinical-admin@chicagodermatologyphysicians.com","http://chicagodermatologyphysicians.com","Claire Moran","554 Green Bay Rd","","Kenilworth","IL","60043","554 Green Bay Rd","","Kenilworth","IL","60043","Active","1/30/2025","Silver","January","Claire Moran","500.00"
"DDK Kitchen Design Group","(847) 728-0823","dbertucci@ddkkitchens.com","http://www.ddkkitchens.com","Kathleen Herzog","400 Ridge Road","","Wilmette","IL","60091","400 Ridge Road","","Wilmette","IL","60091","Active","3/11/2025","Platinum","March","","1,500.00"
"Freedom Home Care ","(847) 315-0263","lbogira@freedomhomecare.net","http://freedomhomecare.net","Fran Chiappetta","1749 Green Bay Rd.","","Highland Park","IL","60035","1749 Green Bay Rd.","","Highland Park","IL","60035","Active","4/14/2025","Gold","April","Rebecca Donze","1,000.00"
"One Compassionate Home Care, Inc.","(847) 989-7701","info@onecompassionate.com","https://www.onecompassionatehomecare.com/","David Nulud","1701 E. Lake Ave. Suite 205","","Glenview","IL","60035","1701 E. Lake Ave. Suite 205","","Glenview","IL","60035","Active","5/14/2025","Platinum","April","David Nulud","1,500.00"
"Nicole Jones Photography","(972) 742-8399","Nicole@nicolejonesphotography.com","http://www.nicolejonesphotography.com","Nicole Jones","","","Wilmette","IL","60091","","","Wilmette","IL","60091","Active","5/8/2025","Basic","May","Nicole Jones","300.00"
"Pioneer Concierge Medicine","(847) 510-2805","pioneerconciergemedicine@gmail.com","http://pioneerconcierge.com","Mark Stefaniuk","3633 West Lake Avenue","Suite 108","GLENVIEW","IL","60026","3633 West Lake Avenue","Suite 108","GLENVIEW","IL","60026","Active","5/23/2025","Basic","May","Mark Stefaniuk","300.00"
"The UPS Store Wilmette Downtown","(847) 256-1187","store1119@theupsstore.com","http://theupsstore.com","Jeet Mistry","1189 Wilmette Ave","","WILMETTE","IL","60091","1189 Wilmette Ave","","WILMETTE","IL","60091","Active","5/27/2025","Silver","May","Jeet Mistry","500.00"
"Hadley","(800) 323-4238","info@HadleyHelps.org","https://hadleyhelps.org/","Mary Clifford","700 Elm St","","Winnetka","IL","60093","700 Elm St","","Winnetka","IL","60093","Active","6/6/2025","Not-For-Profit","May","Mary Clifford","250.00"
"Uncharted","(224) 403-0180","gabrielle.lewis@tpsgroupholdings.com","http://locations.thepaperstore.com","Gabrielle Lewis","3232 Lake Avenue","Edens Plaza","Wilmette","IL","60091","3232 Lake Avenue","Edens Plaza","Wilmette","IL","60091","Active","6/2/2025","","June","Gabrielle Lewis","300.00"
"LuxRally Travel","(847) 907-0507","katerina.kaplich@luxrallytravel.com","http://luxrallytravel.com","Katerina Kaplich","301 Wood Creek Rd","Ste 510","Wheeling","IL","60090","301 Wood Creek Rd","Ste 510","Wheeling","IL","60090","Active","6/19/2025","Silver","June","Katerina Kaplich","500.00"
"Adamczyk Fine Homes + Interiors","(847) 446-9900","elliot@adamczykfinehomes.com","https://www.adamczykfinehomes.com/","Elliot Adamczyk","7243 St. Louis Ave.","","Skokie","IL","60076","7243 St. Louis Ave.","","Skokie","IL","60076","Active","7/21/2025","Basic","July","Elliot Adamczyk","300.00"
"Egg Harbor Cafe","","Brandi.Walt@eggharborcafe.com","http://eggharborcafe.com","Brandi Walt","707 Green Bay Rd.","","Wilmette","IL","60091","707 Green Bay Rd.","","Wilmette","IL","60091","Active","7/14/2025","Silver","July","Brandi Walt","500.00"
"The Strategy Studio LLC","(847) 502-4075","","https://www.thestrategystudio.com","Jen Herrmann","1189 Wilmette Avenue","#159","Wilmette","IL","60091","1189 Wilmette Avenue","#159","Wilmette","IL","60091","Active","7/22/2025","Basic","July","Jen Herrmann","300.00"
"J.P Morgan","(580) 678-4589","henryrawner@yahoo.com","","Henryk  Rawner","1200 Central Ave","","Wilmette","IL","60091","633 W North Ave","Apt 823","Chicago","IL","60610","Active","7/22/2025","Basic","July","Henryk  Rawner","300.00"
"North Shore Country Day","(847) 446-0674","communications@nscds.org","http://nscds.org","Gia Anayas","310 Green Bay Road","","Winnetka","IL","60093","","","Wilmette","IL","60091","Active","7/28/2025","Not-For-Profit","July","Gia Anayas","250.00"
"Chicago Artisan Market","(312) 461-9400","jjsmith@stylechicago.com","http://www.chicagoartisanmarket.com","Lynna  Smith","","","","","60523","","","Wilmette","IL","60091","Active","7/21/2025","Basic","August","","300.00"
"Small Cheval","(773) 718-5171","erika@smallcheval.com","","Erika Federschmidt","1139 Wilmette Avenue","","Wilmette","IL","60091","1139 Wilmette Avenue","","Wilmette","IL","60091","Active","1/12/2026","Basic","August","Erika Federschmidt","300.00"
"Forefront Dermatology","(847) 920-9177","paige.mcmorris@forefrontderm.com","https://forefrontdermatology.com/location/wilmette-il-60091/","Willow McMorris","401 Linden Avenue","","Wilmette","IL","60091","401 Linden Avenue","","Wilmette","IL","60091","Active","9/16/2025","Silver","September","Willow McMorris","300.00"
"June Children's Shop","(312) 282-5876","info@junechildrensshop.com","http://junechildrensshop.com","Stacy Lucier","416 Ridge Road","1","Wilmette","IL","60091","415 Birch Street","","Winnetka","IL","60093","Active","9/23/2025","Silver","September","Stacy Lucier","500.00"
"Katharine Coombes Physical Therapy PLLC","(224) 255-3293","kcoombes@kcoombespt.com","https://sites.google.com/kcoombespt.com/katharine-coombes/home?authuser=0","Katharine Coombes","562 Green Bay Rd","","Kenilworth","IL","60043","604 Brier St","","Kenilworth","IL","60043","Active","9/16/2025","Silver","September","Katharine Coombes","500.00"
"Linden Jewelry & Estate","(847) 881-4122","seth@lindenjewelers.com","http://lindenjewelers.com","Seth Weiner","509 4th Street","","Wilmette","IL","60091","509 4th Street","","Wilmette","IL","60091","Active","9/16/2025","Basic","September","Seth Weiner","300.00"
"Nine 4 Nine Architectural Design","(773) 936-9866","lheusdens@icloud.com","","Leigh Ann Heusdens","329 Washington Avenue","","wilmette","IL","60091","329 Washington Avenue","","wilmette","IL","60091","Active","10/4/2025","Basic","October","Leigh Ann Heusdens","300.00"
"Fred Astaire Dance Studios - Wilmette","(847) 450-1114","wilmette@fredastaire.com","https://www.fredastaire.com/wilmette/","Ellie Homan","1222 Washington Court","Suite 200","Wilmette","IL","60091","1222 Washington Court","Suite 200","Wilmette","IL","60091","Active","10/14/2025","Silver","October","Ellie Homan","500.00"
"Talia","(847) 424-1855","info@taliaboutique.com","http://shoptaliaboutique.com","Asia Cavallo","1111 Central Ave","","Wilmette","IL","60091","1111 Central Ave","","Wilmette","IL","60091","Active","10/16/2025","","October","Asia Cavallo","300.00"
"The Henry at Harms Woods","(847) 916-0466","henryatharmswoods@knck.io","http://thehenryatharmswoolds.com","Emme Dekorsi","5424 Old Orchard Rd","","Skokie","IL","60077","5424 Old Orchard Rd","","Skokie","IL","60077","Active","12/10/2025","Silver","November","Nicholas Wenhardt","500.00"
"Heart Certified Auto Care ","(847) 251-3888","ebony@heartautocare.com","","Ebony Willett","1201 Green Bay Road","","Wilmette","IL","60091","1201 Green Bay Road","","Wilmette","IL","60091","Active","12/10/2025","","January","Ebony Willett","300.00"
"Haven Youth and Family Services","(847) 251-6630","adina@havenforyouth.org","http://www.havenforyouth.org","Adina Bewley","825 Green Bay Rd","Suite 200","Wilmette","IL","60091","825 Green Bay Rd","Suite 200","Wilmette","IL","60091","Active","12/19/2025","Not-For-Profit","January","Adina Bewley","250.00"
"Care at Home Providers, LLC","(312) 940-7895","admin@careathomeproviders.com","","Sherry Cruz","15255 S 94th Ave","Suite 500","Orland Park","IL","60462","15255 S 94th Ave","Suite 500","Orland Park","IL","60462","Active","1/8/2026","Basic","December","Sherry Cruz","300.00"
"Campfire Sauna and Social","(508) 243-3138","brett@campfiresauna.com","","Brett Rudowsky","101 Lake Ave","","Wilmette","IL","60091","232 Wood Court","brett@campfiresauna.com","Wilmette","IL","60091","Active","1/8/2026","Basic","January","Brett Rudowsky","600.00"
"Forward Focus Concierge Medicine Northfield","(224) 255-5600","mgreenberg@forwardfocusmed.com","","Marti Greenberg","1622 Willow Rd., Suite 101","Ste 100","Northfield","IL","60093","1622 Willow Rd., Suite 101","Ste 100","Northfield","IL","60093","Active","3/12/2026","Silver","January","Brad Silverman","500.00"
"Full Bloomed Lotus, LLC","(847) 716-0065","ramaa.krishnan@yahoo.com","","Ramaa Krishnan","22 Green Bay Road","Suite 204","Winnetka","IL","60093","22 Green Bay Road","Suite 204","Winnetka","IL","60093","Active","3/13/2026","","February","Ramaa Krishnan","300.00"
"Cultural Care Au Pair","(847) 224-6501","laurie.murlick@lcc.culturalcare.com","https://www.culturalcare.com/lcc/lmurlick/","Laurie Murlick","","","","IL","","","","","IL","","Active","3/12/2026","Basic","March","Laurie Murlick","300.00"
"Soccer Stars of Chicago North Shore and Barrington","(847) 792-1132","northshorebarrington@soccerstars.com","","Harrison Ryan","1156 Park Ln","","Glenview","IL","60025","1156 Park Ln","","Glenview","IL","60025","Active","3/13/2026","Basic","March","Laura Zeligman","300.00"
"Chic Noel, LLC","(847) 602-9066","Diane@ChicNoel.com","http://www.ChicNoel.com","Diane Panagakis","10456 Sawgrass Ln","","Huntley","IL","60142","10456 Sawgrass Ln","","Huntley","IL","60142","Active","3/27/2026","Silver","March","Diane Panagakis","500.00"
"See Jane Sparkle","(847) 331-0302","cso@seejanesparkle.com","http://www.seejanesparkle.com","Sara Jane Abbott","1707 Dobson St.","","Evanston","IL","60202","1707 Dobson St.","","Evanston","IL","60202","Active","3/31/2026","","March","Sara Jane Abbott","300.00"
"Inviah, Inc.","(833) 346-8424","natallia.panysh@inviacare.com","http://inviahcare.com","Natallia Panysh","3818 Grand View Ct","","St Charles","IL","60175","3818 Grand View Ct","","St Charles","IL","60175","Active","4/3/2026","Silver","April","Natallia Panysh","500.00"
"Wilmette Painters LLC","(708) 724-6855","tjot847@gmail.com","","John Maher","220 Margate Ct","","Lake Bluff","IL","60044","220 Margate Ct","","Lake Bluff","IL","60044","Active","4/3/2026","","April","John Maher","300.00"
"Lift Northshore Kenilworth ","(847) 772-0973","chad@lift-chicago.com","","Chad  Driscoll","554 Green Bay Rd","","Kenilworth","IL","60043","554 Green Bay Rd","","Kenilworth","IL","60043","Active","5/12/2026","Silver","April","Chad  Driscoll","500.00"
"Edward Jones Investments","(773) 777-7727","andrew.gardner@edwardjones.com","","Andrew Gardner, CFP®","5750 Old Orchard Road","Suite 520","Skokie","IL","60077","1234 Isabella Street","","Wilmette","IL","60091","Active","5/12/2026","Basic","April","Andrew Gardner, CFP®","300.00"
"Tell Your Story","(847) 921-3925","grafeedie@tellyourstoryinc.com","http://www.tellyourstoryinc.com","George Rafeedie","1100 Central Avenue","Unit G","Wilmette","IL","60091","1100 Central Avenue","Unit G","Wilmette","IL","60091","Active","5/6/2026","Basic","-not set-","George Rafeedie","0.00"
"Fireside Planning LLC","(773) 263-1185","e@firesideplanning.com","","Edward Olivieri","4915 Estes Ave,","","Skokie","IL","60077","4915 Estes Ave,","","Skokie","IL","60077","Active","5/12/2026","Basic","May","Edward Olivieri","300.00"
"Blue Rose Studio","(847) 913-4137","Bluerosecompany@gmail.com","","Samantha Younis","1153 Wilmette Ave","","Wilmette","IL","60091","1153 Wilmette Ave","","Wilmette","IL","60091","Active","5/27/2026","Basic","May","Samantha Younis","300.00"
"US Storage Centers","(847) 906-2115","","https://www.usstoragecenters.com/storage-units/il/wilmette/3510-wilmette-ave","Helena Ford","3510 Wilmette Ave","","Wilmette","IL","60091","3510 Wilmette Ave","","Wilmette","IL","60091","Active","5/28/2026","","May","Jenna Gardner","300.00"
"Activate Your Impact LLC","(630) 222-5257","sara@activateyourimpact.com","http://www.activateyourimpact.com","Sara  Stone","6441 W Pershing Rd","Unit 206","Stickney","IL","60402","6441 W Pershing Rd","Unit 206","Stickney","IL","60402","Active","6/2/2026","Basic","June","Sara  Stone","450.00"
"ICHI by Torino","(847) 920-5075","info@torinoramen.com","http://www.torinoramen.com","Chikako Eickbush","1162 Wilmette Ave.","","Wilmette","IL","60091","1162 Wilmette Ave.","","Wilmette","IL","60091","Active","","Silver","June","Chikako Eickbush","0.00"
"ReSource Wellness","(773) 991-4357","michellebobier@me.com","http://www.resourcewellnessllc.com","Michelle Bobier, BCST","809 Ridge Rd","Suite 207","Wilmette","IL","60091","809 Ridge Rd","Suite 207","Wilmette","IL","60091","Active","6/10/2026","Silver","June","Michelle Bobier, BCST","0.00"
"Crown Dental Club","(224) 724-8600","dr.scott@crowndentalclub.com","http://crowndentalclub.com","Scott Drucker","5215 Old Orchard Road","Suite 200","Skokie","IL","60077","5215 Old Orchard Road","Suite 200","Skokie","IL","60077","Active","6/15/2026","Silver","June","Scott Drucker","500.00"
"The Mette","(847) 728-0556","","","Jason Sander","1165 Wilmette Ave","","Wilmette","IL","60091-2603","1165 Wilmette Ave","","Wilmette","IL","60091-2603","Active","6/17/2026","","June","Jason Sander","300.00"
"theCoderSchool Glenview","(847) 812-7500","glenview@thecoderschool.com","","Calvin Lam","1039 Waukegan Road","","Glenview","IL","60025","1039 Waukegan Road","","Glenview","IL","60025","Active","6/17/2026","Basic","June","","0.00"
"Polkoff Law PLLC","(847) 242-1121","mpolkoff@polkofflaw.com","https://polkofflaw.com/","Michael Polkoff","33 N. Dearborn St., Suite 1000","","Chicago","IL","60602","2740 Lincoln Ln","","Wilmette","IL","60091","Active","6/22/2026","Silver","June","Michael Polkoff","500.00"
"WNG Chamber of Commerce","(847) 446-4451","director@wngchamber.com","","Shari Pontillo","841 Spruce Street","Suite 204","Winnetka","IL","60093","841 Spruce Street","Suite 204","Winnetka","IL","60093","Active","6/24/2026","Chamber of Commerce","June","","0.00"
"Wilmette Bowling Center","(847) 251-0705","","","Jeffrey Strange","1903 Schiller","","wilmette","IL","60091","717 RIdge","1a","wilmette","IL","60091","Active","6/25/2026","","June","Jeffrey Strange","300.00"
"Crosstown Baseball Academy","(847) 347-5715","","","Charlie Tilson","2213 Beechwood Ave","","Wilmette","IL","60091","2213 Beechwood Ave","","Wilmette","IL","60091","Active","6/29/2026","","June","Charlie Tilson","300.00"
"Interactive Speech Associates, Inc","(312) 961-1902","ConnieOMTChicago@gmail.com","http://www.interactive-speech.com","Connie Izquierdo","1131 Central Ave,","#9","Wilmette","IL","60091","1131 Central Ave,","#9","Wilmette","IL","60091","Active","","Basic","July","Connie Izquierdo","300.00"
"the reform method ","(407) 492-2172","","","Meg Moore","332 ridge rd ","","Wilmette","IL","60091","332 ridge rd ","","Wilmette","IL","60091","Active","7/8/2026","","July","Meg Moore","500.00"
"Village Follies","(773) 294-1033","bill.springer@wrbsprincipal.com","http://www.wrbsprincipal.com","Bill Springer","","","Wilmette","IL","60091","1140 Elmwood Ave","","Wilmette","IL","60091","Active","7/25/2026","Not-For-Profit","July","","0.00"
"WRBS Principal LLC","(773) 294-1033","bill.springer@wrbsprincipal.com","http://www.wrbsprincipal.com","Bill Springer","1140 Elmwood Ave.","","Wilmette","IL","60091","1140 Elmwood Ave.","","Wilmette","IL","60091","Active","7/25/2026","","July","","0.00"
